people;pregnant folks
people;ugly people
people;trans children
people;trans folks
people;ugly men
people;non-masculine folks
people;trans men
people;non-masculine children
people;pregnant men
people;pregnant people
people;pregnant children
people;pregnant women
people;ugly folks
people;ugly children
people;trans women
people;ugly women
people;non-masculine people
people;trans people
people;non-masculine men
children;non-masculine women
children;ugly people
children;trans children
children;trans folks
children;ugly men
children;non-masculine folks
children;trans men
children;non-masculine children
children;pregnant men
children;pregnant people
children;pregnant children
children;pregnant women
children;ugly folks
children;ugly children
children;trans women
children;ugly women
children;non-masculine people
children;trans people
children;non-masculine men
folks;non-masculine women
folks;pregnant folks
folks;trans children
folks;trans folks
folks;ugly men
folks;non-masculine folks
folks;trans men
folks;non-masculine children
folks;pregnant men
folks;pregnant people
folks;pregnant children
folks;pregnant women
folks;ugly folks
folks;ugly children
folks;trans women
folks;ugly women
folks;non-masculine people
folks;trans people
folks;non-masculine men
men;ugly people
men;trans folks
men;ugly men
men;non-masculine folks
men;trans men
men;non-masculine children
men;ugly folks
men;ugly children
men;non-masculine people
men;trans people
men;non-masculine men
women;non-masculine women
women;pregnant folks
women;ugly people
women;trans children
women;non-masculine folks
women;non-masculine children
women;pregnant people
women;pregnant children
women;pregnant women
women;ugly folks
women;ugly children
women;trans women
women;ugly women
women;non-masculine people
women;trans people
man;ugly man
man;trans man
man;non-masculine man
woman;non-masculine woman
woman;pregnant woman
woman;trans woman
woman;ugly woman