men;foster children
men;autistic folks
men;children with mental illness
men;autistic people
men;diabetics
men;disabled people
men;people with physical illness
men;mentally disabled folks
men;people with mental disorder
men;folks with physical disorder
men;mass shooting victims
men;folks with mental illness
men;cancer patients
men;children with mental disorder
men;men with mental illness
men;disabled folks
men;folks with physical illness
men;autistic men
men;mentally disabled men
men;physically disabled children
men;men with physical illness
men;physically disabled men
men;people with mental illness
men;folks with mental disorder
men;molestation victims
men;cancer victims
men;mentally disabled people
men;physically disabled people
men;autistic children
men;disabled children
men;children with physical illness
men;people with physical disorder
men;disabled men
men;children with physical disorder
men;mentally disabled children
men;physically disabled folks
men;men with physical disorder
men;men with mental disorder
children;assault victims
children;autistic folks
children;children with mental illness
children;women with mental illness
children;autistic people
children;diabetics
children;disabled people
children;women with physical disorder
children;people with physical illness
children;mentally disabled folks
children;people with mental disorder
children;folks with physical disorder
children;mass shooting victims
children;folks with mental illness
children;cancer patients
children;children with mental disorder
children;men with mental illness
children;disabled folks
children;folks with physical illness
children;autistic men
children;mentally disabled men
children;physically disabled children
children;disabled women
children;women with physical illness
children;men with physical illness
children;physically disabled women
children;physically disabled men
children;people with mental illness
children;folks with mental disorder
children;molestation victims
children;cancer victims
children;mentally disabled people
children;physically disabled people
children;autistic women
children;autistic children
children;disabled children
children;children with physical illness
children;people with physical disorder
children;women with mental disorder
children;disabled men
children;children with physical disorder
children;mentally disabled children
children;physically disabled folks
children;men with physical disorder
children;men with mental disorder
children;mentally disabled women
people;assault victims
people;foster children
people;children with mental illness
people;women with mental illness
people;autistic people
people;diabetics
people;disabled people
people;women with physical disorder
people;people with physical illness
people;mentally disabled folks
people;people with mental disorder
people;folks with physical disorder
people;mass shooting victims
people;folks with mental illness
people;cancer patients
people;children with mental disorder
people;men with mental illness
people;disabled folks
people;folks with physical illness
people;autistic men
people;mentally disabled men
people;physically disabled children
people;disabled women
people;women with physical illness
people;men with physical illness
people;physically disabled women
people;physically disabled men
people;people with mental illness
people;folks with mental disorder
people;molestation victims
people;cancer victims
people;mentally disabled people
people;physically disabled people
people;autistic women
people;autistic children
people;disabled children
people;children with physical illness
people;people with physical disorder
people;women with mental disorder
people;disabled men
people;children with physical disorder
people;mentally disabled children
people;physically disabled folks
people;men with physical disorder
people;men with mental disorder
people;mentally disabled women
folks;assault victims
folks;foster children
folks;autistic folks
folks;women with mental illness
folks;autistic people
folks;diabetics
folks;disabled people
folks;women with physical disorder
folks;people with physical illness
folks;mentally disabled folks
folks;people with mental disorder
folks;folks with physical disorder
folks;mass shooting victims
folks;folks with mental illness
folks;cancer patients
folks;children with mental disorder
folks;men with mental illness
folks;disabled folks
folks;folks with physical illness
folks;autistic men
folks;mentally disabled men
folks;physically disabled children
folks;disabled women
folks;women with physical illness
folks;men with physical illness
folks;physically disabled women
folks;physically disabled men
folks;people with mental illness
folks;folks with mental disorder
folks;molestation victims
folks;cancer victims
folks;mentally disabled people
folks;physically disabled people
folks;autistic women
folks;autistic children
folks;disabled children
folks;children with physical illness
folks;people with physical disorder
folks;women with mental disorder
folks;disabled men
folks;children with physical disorder
folks;mentally disabled children
folks;physically disabled folks
folks;men with physical disorder
folks;men with mental disorder
folks;mentally disabled women
women;assault victims
women;foster children
women;autistic folks
women;children with mental illness
women;autistic people
women;diabetics
women;disabled people
women;women with physical disorder
women;people with physical illness
women;mentally disabled folks
women;people with mental disorder
women;folks with physical disorder
women;mass shooting victims
women;folks with mental illness
women;cancer patients
women;children with mental disorder
women;disabled folks
women;folks with physical illness
women;physically disabled children
women;disabled women
women;women with physical illness
women;physically disabled women
women;people with mental illness
women;folks with mental disorder
women;molestation victims
women;cancer victims
women;mentally disabled people
women;physically disabled people
women;autistic women
women;autistic children
women;disabled children
women;children with physical illness
women;people with physical disorder
women;women with mental disorder
women;children with physical disorder
women;mentally disabled children
women;physically disabled folks
women;mentally disabled women
woman;woman with physical disorder
woman;disabled woman
woman;woman with physical illness
woman;physically disabled woman
woman;autistic woman
woman;woman with mental disorder
woman;mentally disabled woman
man;man with mental illness
man;autistic man
man;mentally disabled man
man;man with physical illness
man;physically disabled man
man;disabled man
man;man with physical disorder
man;man with mental disorder