red haired folks;folks
blonde men;folks
blonde people;folks
red haired men;folks
blonde women;folks
red haired children;folks
blonde folks;folks
red haired people;folks
blonde children;folks
blonde men;men
blonde people;men
red haired men;men
red haired children;men
blonde folks;men
red haired people;men
blonde children;men
red haired folks;men
red haired women;women
red haired folks;women
blonde people;women
blonde women;women
red haired children;women
blonde folks;women
red haired people;women
blonde children;women
red haired women;people
red haired folks;people
blonde men;people
red haired men;people
blonde women;people
red haired children;people
blonde folks;people
red haired people;people
blonde children;people
red haired women;children
red haired folks;children
blonde men;children
blonde people;children
blonde women;children
red haired children;children
blonde folks;children
red haired people;children
blonde children;children
blonde man;man
red haired man;man
red haired woman;woman
blonde woman;woman