old folks;young people
old folks;young children
old folks;young women
old folks;young folks
old people;young men
old people;young children
old people;young women
old people;young folks
seniors;young men
seniors;young people
seniors;young women
seniors;young folks
old men;young men
old men;young people
old men;young children
old men;young folks
old women;young women
old women;young people
old women;young children
old women;young women
old children;young men
old children;young people
old children;young children
old children;young women
old children;young folks
old woman;young woman
old man;young man