ethiopian;middle eastern
ethiopian;turkish
ethiopian;israel
ethiopian;jew
ethiopian;syrian
ethiopian;oriental
ethiopian;arabic
ethiopian;jewish
nigerian;pakistani
nigerian;turkish
nigerian;israel
nigerian;jew
nigerian;syrian
nigerian;oriental
nigerian;arabic
nigerian;jewish
african;pakistani
african;middle eastern
african;israel
african;jew
african;syrian
african;oriental
african;arabic
african;jewish
south african;pakistani
south african;middle eastern
south african;turkish
south african;jew
south african;syrian
south african;oriental
south african;arabic
south african;jewish
