south african;dutchwoman
south african;roma
south african;slovene
south african;belorussian
south african;dutchman
south african;greek
south african;belgian
south african;frenchwoman
south african;yugoslav
south african;manx
south african;british
south african;estonian
south african;romanian
south african;hispanic
south african;castilian
south african;galician
south african;ukrainian
south african;alsatian
south african;welshman
south african;moldovan
south african;montenegrin
south african;gagauz
south african;european
south african;northern irish
south african;luxembourger
south african;dutch
south african;hungarian
south african;greenlander
south african;english
south african;scotsman
south african;czech
south african;westerner
south african;belarusian
south african;serbian
south african;french
south african;faroe islander
south african;swede
south african;pole
south african;swiss
south african;finn
south african;orcadian
south african;sami
south african;slav
south african;basque
south african;portuguese
south african;austrian
south african;lithuanian
south african;bulgarian
south african;frenchman
south african;liechtensteiner
south african;dane
south african;welsh
south african;welshwoman
south african;briton
south african;macedonian
south african;sanmarinese
south african;scotswoman
south african;croat
south african;highlander
south african;irish
south african;cypriot
south african;italian
south african;russian
south african;spaniard
south african;irishman
south african;german
south african;latin
south african;slovak
south african;serb
south african;scandinavian
south african;englishwoman
south african;englishman
south african;maltese
south african;albanian
south african;norwegian
south african;celt
south african;andorran
south african;bosnian
south african;soviets
south african;monegasque
south african;icelander
south african;scot
south african;latvian
nigerian;spanish
nigerian;roma
nigerian;slovene
nigerian;belorussian
nigerian;dutchman
nigerian;greek
nigerian;belgian
nigerian;frenchwoman
nigerian;yugoslav
nigerian;manx
nigerian;british
nigerian;estonian
nigerian;romanian
nigerian;hispanic
nigerian;castilian
nigerian;galician
nigerian;ukrainian
nigerian;alsatian
nigerian;welshman
nigerian;moldovan
nigerian;montenegrin
nigerian;gagauz
nigerian;european
nigerian;northern irish
nigerian;luxembourger
nigerian;dutch
nigerian;hungarian
nigerian;greenlander
nigerian;english
nigerian;scotsman
nigerian;czech
nigerian;westerner
nigerian;belarusian
nigerian;serbian
nigerian;french
nigerian;faroe islander
nigerian;swede
nigerian;pole
nigerian;swiss
nigerian;finn
nigerian;orcadian
nigerian;sami
nigerian;slav
nigerian;basque
nigerian;portuguese
nigerian;austrian
nigerian;lithuanian
nigerian;bulgarian
nigerian;frenchman
nigerian;liechtensteiner
nigerian;dane
nigerian;welsh
nigerian;welshwoman
nigerian;briton
nigerian;macedonian
nigerian;sanmarinese
nigerian;scotswoman
nigerian;croat
nigerian;highlander
nigerian;irish
nigerian;cypriot
nigerian;italian
nigerian;russian
nigerian;spaniard
nigerian;irishman
nigerian;german
nigerian;latin
nigerian;slovak
nigerian;serb
nigerian;scandinavian
nigerian;englishwoman
nigerian;englishman
nigerian;maltese
nigerian;albanian
nigerian;norwegian
nigerian;celt
nigerian;andorran
nigerian;bosnian
nigerian;soviets
nigerian;monegasque
nigerian;icelander
nigerian;scot
nigerian;latvian
african;spanish
african;dutchwoman
african;slovene
african;belorussian
african;dutchman
african;greek
african;belgian
african;frenchwoman
african;yugoslav
african;manx
african;british
african;estonian
african;romanian
african;hispanic
african;castilian
african;galician
african;ukrainian
african;alsatian
african;welshman
african;moldovan
african;montenegrin
african;gagauz
african;european
african;northern irish
african;luxembourger
african;dutch
african;hungarian
african;greenlander
african;english
african;scotsman
african;czech
african;westerner
african;belarusian
african;serbian
african;french
african;faroe islander
african;swede
african;pole
african;swiss
african;finn
african;orcadian
african;sami
african;slav
african;basque
african;portuguese
african;austrian
african;lithuanian
african;bulgarian
african;frenchman
african;liechtensteiner
african;dane
african;welsh
african;welshwoman
african;briton
african;macedonian
african;sanmarinese
african;scotswoman
african;croat
african;highlander
african;irish
african;cypriot
african;italian
african;russian
african;spaniard
african;irishman
african;german
african;latin
african;slovak
african;serb
african;scandinavian
african;englishwoman
african;englishman
african;maltese
african;albanian
african;norwegian
african;celt
african;andorran
african;bosnian
african;soviets
african;monegasque
african;icelander
african;scot
african;latvian
ethiopian;spanish
ethiopian;dutchwoman
ethiopian;roma
ethiopian;belorussian
ethiopian;dutchman
ethiopian;greek
ethiopian;belgian
ethiopian;frenchwoman
ethiopian;yugoslav
ethiopian;manx
ethiopian;british
ethiopian;estonian
ethiopian;romanian
ethiopian;hispanic
ethiopian;castilian
ethiopian;galician
ethiopian;ukrainian
ethiopian;alsatian
ethiopian;welshman
ethiopian;moldovan
ethiopian;montenegrin
ethiopian;gagauz
ethiopian;european
ethiopian;northern irish
ethiopian;luxembourger
ethiopian;dutch
ethiopian;hungarian
ethiopian;greenlander
ethiopian;english
ethiopian;scotsman
ethiopian;czech
ethiopian;westerner
ethiopian;belarusian
ethiopian;serbian
ethiopian;french
ethiopian;faroe islander
ethiopian;swede
ethiopian;pole
ethiopian;swiss
ethiopian;finn
ethiopian;orcadian
ethiopian;sami
ethiopian;slav
ethiopian;basque
ethiopian;portuguese
ethiopian;austrian
ethiopian;lithuanian
ethiopian;bulgarian
ethiopian;frenchman
ethiopian;liechtensteiner
ethiopian;dane
ethiopian;welsh
ethiopian;welshwoman
ethiopian;briton
ethiopian;macedonian
ethiopian;sanmarinese
ethiopian;scotswoman
ethiopian;croat
ethiopian;highlander
ethiopian;irish
ethiopian;cypriot
ethiopian;italian
ethiopian;russian
ethiopian;spaniard
ethiopian;irishman
ethiopian;german
ethiopian;latin
ethiopian;slovak
ethiopian;serb
ethiopian;scandinavian
ethiopian;englishwoman
ethiopian;englishman
ethiopian;maltese
ethiopian;albanian
ethiopian;norwegian
ethiopian;celt
ethiopian;andorran
ethiopian;bosnian
ethiopian;soviets
ethiopian;monegasque
ethiopian;icelander
ethiopian;scot
ethiopian;latvian
