puerto rican;turkish
puerto rican;israel
puerto rican;jew
puerto rican;jewish
puerto rican;arabic
puerto rican;syrian
puerto rican;oriental
puerto rican;middle eastern
mexican;pakistani
mexican;israel
mexican;jew
mexican;jewish
mexican;arabic
mexican;syrian
mexican;oriental
mexican;middle eastern
native american;pakistani
native american;turkish
native american;jew
native american;jewish
native american;arabic
native american;syrian
native american;oriental
native american;middle eastern
jamaican;pakistani
jamaican;turkish
jamaican;israel
jamaican;jewish
jamaican;arabic
jamaican;syrian
jamaican;oriental
jamaican;middle eastern
