native american;sami
native american;galician
native american;icelander
native american;slovak
native american;scot
native american;andorran
native american;celt
native american;spaniard
native american;soviets
native american;dutchman
native american;austrian
native american;cypriot
native american;englishman
native american;basque
native american;westerner
native american;russian
native american;czech
native american;moldovan
native american;german
native american;spanish
native american;french
native american;irish
native american;northern irish
native american;scotsman
native american;dutch
native american;slav
native american;englishwoman
native american;scandinavian
native american;portuguese
native american;english
native american;welsh
native american;belarusian
native american;castilian
native american;lithuanian
native american;european
native american;briton
native american;serbian
native american;dane
native american;macedonian
native american;yugoslav
native american;slovene
native american;faroe islander
native american;swede
native american;latvian
native american;welshwoman
native american;welshman
native american;albanian
native american;belgian
native american;sanmarinese
native american;roma
native american;greenlander
native american;latin
native american;croat
native american;manx
native american;belorussian
native american;pole
native american;ukrainian
native american;romanian
native american;norwegian
native american;orcadian
native american;irishman
native american;greek
native american;scotswoman
native american;frenchwoman
native american;italian
native american;hispanic
native american;british
native american;hungarian
native american;gagauz
native american;highlander
native american;bulgarian
native american;monegasque
native american;serb
native american;frenchman
native american;maltese
native american;finn
native american;alsatian
native american;bosnian
native american;dutchwoman
native american;luxembourger
native american;swiss
native american;montenegrin
native american;liechtensteiner
mexican;estonian
mexican;galician
mexican;icelander
mexican;slovak
mexican;scot
mexican;andorran
mexican;celt
mexican;spaniard
mexican;soviets
mexican;dutchman
mexican;austrian
mexican;cypriot
mexican;englishman
mexican;basque
mexican;westerner
mexican;russian
mexican;czech
mexican;moldovan
mexican;german
mexican;spanish
mexican;french
mexican;irish
mexican;northern irish
mexican;scotsman
mexican;dutch
mexican;slav
mexican;englishwoman
mexican;scandinavian
mexican;portuguese
mexican;english
mexican;welsh
mexican;belarusian
mexican;castilian
mexican;lithuanian
mexican;european
mexican;briton
mexican;serbian
mexican;dane
mexican;macedonian
mexican;yugoslav
mexican;slovene
mexican;faroe islander
mexican;swede
mexican;latvian
mexican;welshwoman
mexican;welshman
mexican;albanian
mexican;belgian
mexican;sanmarinese
mexican;roma
mexican;greenlander
mexican;latin
mexican;croat
mexican;manx
mexican;belorussian
mexican;pole
mexican;ukrainian
mexican;romanian
mexican;norwegian
mexican;orcadian
mexican;irishman
mexican;greek
mexican;scotswoman
mexican;frenchwoman
mexican;italian
mexican;hispanic
mexican;british
mexican;hungarian
mexican;gagauz
mexican;highlander
mexican;bulgarian
mexican;monegasque
mexican;serb
mexican;frenchman
mexican;maltese
mexican;finn
mexican;alsatian
mexican;bosnian
mexican;dutchwoman
mexican;luxembourger
mexican;swiss
mexican;montenegrin
mexican;liechtensteiner
puerto rican;estonian
puerto rican;sami
puerto rican;icelander
puerto rican;slovak
puerto rican;scot
puerto rican;andorran
puerto rican;celt
puerto rican;spaniard
puerto rican;soviets
puerto rican;dutchman
puerto rican;austrian
puerto rican;cypriot
puerto rican;englishman
puerto rican;basque
puerto rican;westerner
puerto rican;russian
puerto rican;czech
puerto rican;moldovan
puerto rican;german
puerto rican;spanish
puerto rican;french
puerto rican;irish
puerto rican;northern irish
puerto rican;scotsman
puerto rican;dutch
puerto rican;slav
puerto rican;englishwoman
puerto rican;scandinavian
puerto rican;portuguese
puerto rican;english
puerto rican;welsh
puerto rican;belarusian
puerto rican;castilian
puerto rican;lithuanian
puerto rican;european
puerto rican;briton
puerto rican;serbian
puerto rican;dane
puerto rican;macedonian
puerto rican;yugoslav
puerto rican;slovene
puerto rican;faroe islander
puerto rican;swede
puerto rican;latvian
puerto rican;welshwoman
puerto rican;welshman
puerto rican;albanian
puerto rican;belgian
puerto rican;sanmarinese
puerto rican;roma
puerto rican;greenlander
puerto rican;latin
puerto rican;croat
puerto rican;manx
puerto rican;belorussian
puerto rican;pole
puerto rican;ukrainian
puerto rican;romanian
puerto rican;norwegian
puerto rican;orcadian
puerto rican;irishman
puerto rican;greek
puerto rican;scotswoman
puerto rican;frenchwoman
puerto rican;italian
puerto rican;hispanic
puerto rican;british
puerto rican;hungarian
puerto rican;gagauz
puerto rican;highlander
puerto rican;bulgarian
puerto rican;monegasque
puerto rican;serb
puerto rican;frenchman
puerto rican;maltese
puerto rican;finn
puerto rican;alsatian
puerto rican;bosnian
puerto rican;dutchwoman
puerto rican;luxembourger
puerto rican;swiss
puerto rican;montenegrin
puerto rican;liechtensteiner
jamaican;estonian
jamaican;sami
jamaican;galician
jamaican;slovak
jamaican;scot
jamaican;andorran
jamaican;celt
jamaican;spaniard
jamaican;soviets
jamaican;dutchman
jamaican;austrian
jamaican;cypriot
jamaican;englishman
jamaican;basque
jamaican;westerner
jamaican;russian
jamaican;czech
jamaican;moldovan
jamaican;german
jamaican;spanish
jamaican;french
jamaican;irish
jamaican;northern irish
jamaican;scotsman
jamaican;dutch
jamaican;slav
jamaican;englishwoman
jamaican;scandinavian
jamaican;portuguese
jamaican;english
jamaican;welsh
jamaican;belarusian
jamaican;castilian
jamaican;lithuanian
jamaican;european
jamaican;briton
jamaican;serbian
jamaican;dane
jamaican;macedonian
jamaican;yugoslav
jamaican;slovene
jamaican;faroe islander
jamaican;swede
jamaican;latvian
jamaican;welshwoman
jamaican;welshman
jamaican;albanian
jamaican;belgian
jamaican;sanmarinese
jamaican;roma
jamaican;greenlander
jamaican;latin
jamaican;croat
jamaican;manx
jamaican;belorussian
jamaican;pole
jamaican;ukrainian
jamaican;romanian
jamaican;norwegian
jamaican;orcadian
jamaican;irishman
jamaican;greek
jamaican;scotswoman
jamaican;frenchwoman
jamaican;italian
jamaican;hispanic
jamaican;british
jamaican;hungarian
jamaican;gagauz
jamaican;highlander
jamaican;bulgarian
jamaican;monegasque
jamaican;serb
jamaican;frenchman
jamaican;maltese
jamaican;finn
jamaican;alsatian
jamaican;bosnian
jamaican;dutchwoman
jamaican;luxembourger
jamaican;swiss
jamaican;montenegrin
jamaican;liechtensteiner
