pakistani;dutchwoman
pakistani;westerner
pakistani;greenlander
pakistani;welshwoman
pakistani;celt
pakistani;sanmarinese
pakistani;norwegian
pakistani;castilian
pakistani;swiss
pakistani;hungarian
pakistani;galician
pakistani;slovene
pakistani;lithuanian
pakistani;scotsman
pakistani;french
pakistani;latvian
pakistani;pole
pakistani;bosnian
pakistani;finn
pakistani;dane
pakistani;soviets
pakistani;greek
pakistani;montenegrin
pakistani;scot
pakistani;dutchman
pakistani;sami
pakistani;croat
pakistani;irish
pakistani;albanian
pakistani;maltese
pakistani;european
pakistani;belgian
pakistani;spaniard
pakistani;frenchwoman
pakistani;moldovan
pakistani;italian
pakistani;highlander
pakistani;estonian
pakistani;slav
pakistani;swede
pakistani;ukrainian
pakistani;yugoslav
pakistani;orcadian
pakistani;monegasque
pakistani;macedonian
pakistani;dutch
pakistani;austrian
pakistani;irishman
pakistani;gagauz
pakistani;slovak
pakistani;scandinavian
pakistani;russian
pakistani;british
pakistani;latin
pakistani;cypriot
pakistani;english
pakistani;serbian
pakistani;spanish
pakistani;german
pakistani;romanian
pakistani;alsatian
pakistani;roma
pakistani;bulgarian
pakistani;czech
pakistani;icelander
pakistani;andorran
pakistani;northern irish
pakistani;hispanic
pakistani;frenchman
pakistani;englishman
pakistani;serb
pakistani;faroe islander
pakistani;luxembourger
pakistani;belarusian
pakistani;scotswoman
pakistani;welsh
pakistani;manx
pakistani;belorussian
pakistani;englishwoman
pakistani;basque
pakistani;portuguese
pakistani;liechtensteiner
pakistani;briton
israel;welshman
israel;westerner
israel;greenlander
israel;welshwoman
israel;celt
israel;sanmarinese
israel;norwegian
israel;castilian
israel;swiss
israel;hungarian
israel;galician
israel;slovene
israel;lithuanian
israel;scotsman
israel;french
israel;latvian
israel;pole
israel;bosnian
israel;finn
israel;dane
israel;soviets
israel;greek
israel;montenegrin
israel;scot
israel;dutchman
israel;sami
israel;croat
israel;irish
israel;albanian
israel;maltese
israel;european
israel;belgian
israel;spaniard
israel;frenchwoman
israel;moldovan
israel;italian
israel;highlander
israel;estonian
israel;slav
israel;swede
israel;ukrainian
israel;yugoslav
israel;orcadian
israel;monegasque
israel;macedonian
israel;dutch
israel;austrian
israel;irishman
israel;gagauz
israel;slovak
israel;scandinavian
israel;russian
israel;british
israel;latin
israel;cypriot
israel;english
israel;serbian
israel;spanish
israel;german
israel;romanian
israel;alsatian
israel;roma
israel;bulgarian
israel;czech
israel;icelander
israel;andorran
israel;northern irish
israel;hispanic
israel;frenchman
israel;englishman
israel;serb
israel;faroe islander
israel;luxembourger
israel;belarusian
israel;scotswoman
israel;welsh
israel;manx
israel;belorussian
israel;englishwoman
israel;basque
israel;portuguese
israel;liechtensteiner
israel;briton
oriental;welshman
oriental;dutchwoman
oriental;greenlander
oriental;welshwoman
oriental;celt
oriental;sanmarinese
oriental;norwegian
oriental;castilian
oriental;swiss
oriental;hungarian
oriental;galician
oriental;slovene
oriental;lithuanian
oriental;scotsman
oriental;french
oriental;latvian
oriental;pole
oriental;bosnian
oriental;finn
oriental;dane
oriental;soviets
oriental;greek
oriental;montenegrin
oriental;scot
oriental;dutchman
oriental;sami
oriental;croat
oriental;irish
oriental;albanian
oriental;maltese
oriental;european
oriental;belgian
oriental;spaniard
oriental;frenchwoman
oriental;moldovan
oriental;italian
oriental;highlander
oriental;estonian
oriental;slav
oriental;swede
oriental;ukrainian
oriental;yugoslav
oriental;orcadian
oriental;monegasque
oriental;macedonian
oriental;dutch
oriental;austrian
oriental;irishman
oriental;gagauz
oriental;slovak
oriental;scandinavian
oriental;russian
oriental;british
oriental;latin
oriental;cypriot
oriental;english
oriental;serbian
oriental;spanish
oriental;german
oriental;romanian
oriental;alsatian
oriental;roma
oriental;bulgarian
oriental;czech
oriental;icelander
oriental;andorran
oriental;northern irish
oriental;hispanic
oriental;frenchman
oriental;englishman
oriental;serb
oriental;faroe islander
oriental;luxembourger
oriental;belarusian
oriental;scotswoman
oriental;welsh
oriental;manx
oriental;belorussian
oriental;englishwoman
oriental;basque
oriental;portuguese
oriental;liechtensteiner
oriental;briton
jew;welshman
jew;dutchwoman
jew;westerner
jew;welshwoman
jew;celt
jew;sanmarinese
jew;norwegian
jew;castilian
jew;swiss
jew;hungarian
jew;galician
jew;slovene
jew;lithuanian
jew;scotsman
jew;french
jew;latvian
jew;pole
jew;bosnian
jew;finn
jew;dane
jew;soviets
jew;greek
jew;montenegrin
jew;scot
jew;dutchman
jew;sami
jew;croat
jew;irish
jew;albanian
jew;maltese
jew;european
jew;belgian
jew;spaniard
jew;frenchwoman
jew;moldovan
jew;italian
jew;highlander
jew;estonian
jew;slav
jew;swede
jew;ukrainian
jew;yugoslav
jew;orcadian
jew;monegasque
jew;macedonian
jew;dutch
jew;austrian
jew;irishman
jew;gagauz
jew;slovak
jew;scandinavian
jew;russian
jew;british
jew;latin
jew;cypriot
jew;english
jew;serbian
jew;spanish
jew;german
jew;romanian
jew;alsatian
jew;roma
jew;bulgarian
jew;czech
jew;icelander
jew;andorran
jew;northern irish
jew;hispanic
jew;frenchman
jew;englishman
jew;serb
jew;faroe islander
jew;luxembourger
jew;belarusian
jew;scotswoman
jew;welsh
jew;manx
jew;belorussian
jew;englishwoman
jew;basque
jew;portuguese
jew;liechtensteiner
jew;briton
jewish;welshman
jewish;dutchwoman
jewish;westerner
jewish;greenlander
jewish;celt
jewish;sanmarinese
jewish;norwegian
jewish;castilian
jewish;swiss
jewish;hungarian
jewish;galician
jewish;slovene
jewish;lithuanian
jewish;scotsman
jewish;french
jewish;latvian
jewish;pole
jewish;bosnian
jewish;finn
jewish;dane
jewish;soviets
jewish;greek
jewish;montenegrin
jewish;scot
jewish;dutchman
jewish;sami
jewish;croat
jewish;irish
jewish;albanian
jewish;maltese
jewish;european
jewish;belgian
jewish;spaniard
jewish;frenchwoman
jewish;moldovan
jewish;italian
jewish;highlander
jewish;estonian
jewish;slav
jewish;swede
jewish;ukrainian
jewish;yugoslav
jewish;orcadian
jewish;monegasque
jewish;macedonian
jewish;dutch
jewish;austrian
jewish;irishman
jewish;gagauz
jewish;slovak
jewish;scandinavian
jewish;russian
jewish;british
jewish;latin
jewish;cypriot
jewish;english
jewish;serbian
jewish;spanish
jewish;german
jewish;romanian
jewish;alsatian
jewish;roma
jewish;bulgarian
jewish;czech
jewish;icelander
jewish;andorran
jewish;northern irish
jewish;hispanic
jewish;frenchman
jewish;englishman
jewish;serb
jewish;faroe islander
jewish;luxembourger
jewish;belarusian
jewish;scotswoman
jewish;welsh
jewish;manx
jewish;belorussian
jewish;englishwoman
jewish;basque
jewish;portuguese
jewish;liechtensteiner
jewish;briton
syrian;welshman
syrian;dutchwoman
syrian;westerner
syrian;greenlander
syrian;welshwoman
syrian;sanmarinese
syrian;norwegian
syrian;castilian
syrian;swiss
syrian;hungarian
syrian;galician
syrian;slovene
syrian;lithuanian
syrian;scotsman
syrian;french
syrian;latvian
syrian;pole
syrian;bosnian
syrian;finn
syrian;dane
syrian;soviets
syrian;greek
syrian;montenegrin
syrian;scot
syrian;dutchman
syrian;sami
syrian;croat
syrian;irish
syrian;albanian
syrian;maltese
syrian;european
syrian;belgian
syrian;spaniard
syrian;frenchwoman
syrian;moldovan
syrian;italian
syrian;highlander
syrian;estonian
syrian;slav
syrian;swede
syrian;ukrainian
syrian;yugoslav
syrian;orcadian
syrian;monegasque
syrian;macedonian
syrian;dutch
syrian;austrian
syrian;irishman
syrian;gagauz
syrian;slovak
syrian;scandinavian
syrian;russian
syrian;british
syrian;latin
syrian;cypriot
syrian;english
syrian;serbian
syrian;spanish
syrian;german
syrian;romanian
syrian;alsatian
syrian;roma
syrian;bulgarian
syrian;czech
syrian;icelander
syrian;andorran
syrian;northern irish
syrian;hispanic
syrian;frenchman
syrian;englishman
syrian;serb
syrian;faroe islander
syrian;luxembourger
syrian;belarusian
syrian;scotswoman
syrian;welsh
syrian;manx
syrian;belorussian
syrian;englishwoman
syrian;basque
syrian;portuguese
syrian;liechtensteiner
syrian;briton
arabic;welshman
arabic;dutchwoman
arabic;westerner
arabic;greenlander
arabic;welshwoman
arabic;celt
arabic;norwegian
arabic;castilian
arabic;swiss
arabic;hungarian
arabic;galician
arabic;slovene
arabic;lithuanian
arabic;scotsman
arabic;french
arabic;latvian
arabic;pole
arabic;bosnian
arabic;finn
arabic;dane
arabic;soviets
arabic;greek
arabic;montenegrin
arabic;scot
arabic;dutchman
arabic;sami
arabic;croat
arabic;irish
arabic;albanian
arabic;maltese
arabic;european
arabic;belgian
arabic;spaniard
arabic;frenchwoman
arabic;moldovan
arabic;italian
arabic;highlander
arabic;estonian
arabic;slav
arabic;swede
arabic;ukrainian
arabic;yugoslav
arabic;orcadian
arabic;monegasque
arabic;macedonian
arabic;dutch
arabic;austrian
arabic;irishman
arabic;gagauz
arabic;slovak
arabic;scandinavian
arabic;russian
arabic;british
arabic;latin
arabic;cypriot
arabic;english
arabic;serbian
arabic;spanish
arabic;german
arabic;romanian
arabic;alsatian
arabic;roma
arabic;bulgarian
arabic;czech
arabic;icelander
arabic;andorran
arabic;northern irish
arabic;hispanic
arabic;frenchman
arabic;englishman
arabic;serb
arabic;faroe islander
arabic;luxembourger
arabic;belarusian
arabic;scotswoman
arabic;welsh
arabic;manx
arabic;belorussian
arabic;englishwoman
arabic;basque
arabic;portuguese
arabic;liechtensteiner
arabic;briton
turkish;welshman
turkish;dutchwoman
turkish;westerner
turkish;greenlander
turkish;welshwoman
turkish;celt
turkish;sanmarinese
turkish;castilian
turkish;swiss
turkish;hungarian
turkish;galician
turkish;slovene
turkish;lithuanian
turkish;scotsman
turkish;french
turkish;latvian
turkish;pole
turkish;bosnian
turkish;finn
turkish;dane
turkish;soviets
turkish;greek
turkish;montenegrin
turkish;scot
turkish;dutchman
turkish;sami
turkish;croat
turkish;irish
turkish;albanian
turkish;maltese
turkish;european
turkish;belgian
turkish;spaniard
turkish;frenchwoman
turkish;moldovan
turkish;italian
turkish;highlander
turkish;estonian
turkish;slav
turkish;swede
turkish;ukrainian
turkish;yugoslav
turkish;orcadian
turkish;monegasque
turkish;macedonian
turkish;dutch
turkish;austrian
turkish;irishman
turkish;gagauz
turkish;slovak
turkish;scandinavian
turkish;russian
turkish;british
turkish;latin
turkish;cypriot
turkish;english
turkish;serbian
turkish;spanish
turkish;german
turkish;romanian
turkish;alsatian
turkish;roma
turkish;bulgarian
turkish;czech
turkish;icelander
turkish;andorran
turkish;northern irish
turkish;hispanic
turkish;frenchman
turkish;englishman
turkish;serb
turkish;faroe islander
turkish;luxembourger
turkish;belarusian
turkish;scotswoman
turkish;welsh
turkish;manx
turkish;belorussian
turkish;englishwoman
turkish;basque
turkish;portuguese
turkish;liechtensteiner
turkish;briton
middle eastern;welshman
middle eastern;dutchwoman
middle eastern;westerner
middle eastern;greenlander
middle eastern;welshwoman
middle eastern;celt
middle eastern;sanmarinese
middle eastern;norwegian
middle eastern;swiss
middle eastern;hungarian
middle eastern;galician
middle eastern;slovene
middle eastern;lithuanian
middle eastern;scotsman
middle eastern;french
middle eastern;latvian
middle eastern;pole
middle eastern;bosnian
middle eastern;finn
middle eastern;dane
middle eastern;soviets
middle eastern;greek
middle eastern;montenegrin
middle eastern;scot
middle eastern;dutchman
middle eastern;sami
middle eastern;croat
middle eastern;irish
middle eastern;albanian
middle eastern;maltese
middle eastern;european
middle eastern;belgian
middle eastern;spaniard
middle eastern;frenchwoman
middle eastern;moldovan
middle eastern;italian
middle eastern;highlander
middle eastern;estonian
middle eastern;slav
middle eastern;swede
middle eastern;ukrainian
middle eastern;yugoslav
middle eastern;orcadian
middle eastern;monegasque
middle eastern;macedonian
middle eastern;dutch
middle eastern;austrian
middle eastern;irishman
middle eastern;gagauz
middle eastern;slovak
middle eastern;scandinavian
middle eastern;russian
middle eastern;british
middle eastern;latin
middle eastern;cypriot
middle eastern;english
middle eastern;serbian
middle eastern;spanish
middle eastern;german
middle eastern;romanian
middle eastern;alsatian
middle eastern;roma
middle eastern;bulgarian
middle eastern;czech
middle eastern;icelander
middle eastern;andorran
middle eastern;northern irish
middle eastern;hispanic
middle eastern;frenchman
middle eastern;englishman
middle eastern;serb
middle eastern;faroe islander
middle eastern;luxembourger
middle eastern;belarusian
middle eastern;scotswoman
middle eastern;welsh
middle eastern;manx
middle eastern;belorussian
middle eastern;englishwoman
middle eastern;basque
middle eastern;portuguese
middle eastern;liechtensteiner
middle eastern;briton
