jew;japanese
jew;asian
jew;vietnamese
jew;indian
syrian;chinese
syrian;asian
syrian;vietnamese
syrian;indian
arabic;chinese
arabic;japanese
arabic;vietnamese
arabic;indian
middle eastern;chinese
middle eastern;japanese
middle eastern;asian
middle eastern;indian
turkish;chinese
turkish;japanese
turkish;asian
turkish;vietnamese
israel;chinese
israel;japanese
israel;asian
israel;vietnamese
israel;indian
jewish;chinese
jewish;japanese
jewish;asian
jewish;vietnamese
jewish;indian
pakistani;chinese
pakistani;japanese
pakistani;asian
pakistani;vietnamese
pakistani;indian
oriental;chinese
oriental;japanese
oriental;asian
oriental;vietnamese
oriental;indian
