middle eastern;nigerian
middle eastern;ethiopian
middle eastern;south african
jew;african
jew;ethiopian
jew;south african
pakistani;african
pakistani;nigerian
pakistani;south african
arabic;african
arabic;nigerian
arabic;ethiopian
jewish;african
jewish;nigerian
jewish;ethiopian
jewish;south african
oriental;african
oriental;nigerian
oriental;ethiopian
oriental;south african
syrian;african
syrian;nigerian
syrian;ethiopian
syrian;south african
turkish;african
turkish;nigerian
turkish;ethiopian
turkish;south african
israel;african
israel;nigerian
israel;ethiopian
israel;south african
