chinese;briton
chinese;celt
chinese;dutch
chinese;ukrainian
chinese;sami
chinese;monegasque
chinese;luxembourger
chinese;russian
chinese;pole
chinese;galician
chinese;czech
chinese;frenchwoman
chinese;austrian
chinese;german
chinese;spanish
chinese;sanmarinese
chinese;greenlander
chinese;frenchman
chinese;soviets
chinese;slovak
chinese;italian
chinese;maltese
chinese;dutchwoman
chinese;french
chinese;faroe islander
chinese;macedonian
chinese;englishwoman
chinese;serb
chinese;westerner
chinese;english
chinese;croat
chinese;albanian
chinese;slav
chinese;alsatian
chinese;estonian
chinese;scot
chinese;latin
chinese;manx
chinese;basque
chinese;yugoslav
chinese;scotsman
chinese;gagauz
chinese;serbian
chinese;hispanic
chinese;englishman
chinese;portuguese
chinese;montenegrin
chinese;belarusian
chinese;moldovan
chinese;swiss
chinese;roma
chinese;swede
chinese;european
chinese;dane
chinese;romanian
chinese;finn
chinese;hungarian
chinese;bulgarian
chinese;latvian
chinese;bosnian
chinese;greek
chinese;lithuanian
chinese;norwegian
chinese;welshman
chinese;irishman
chinese;welshwoman
chinese;liechtensteiner
chinese;scandinavian
chinese;slovene
chinese;belorussian
chinese;castilian
chinese;belgian
chinese;british
chinese;andorran
chinese;welsh
chinese;orcadian
chinese;highlander
chinese;spaniard
chinese;scotswoman
chinese;irish
chinese;northern irish
chinese;dutchman
chinese;cypriot
japanese;icelander
japanese;celt
japanese;dutch
japanese;ukrainian
japanese;sami
japanese;monegasque
japanese;luxembourger
japanese;russian
japanese;pole
japanese;galician
japanese;czech
japanese;frenchwoman
japanese;austrian
japanese;german
japanese;spanish
japanese;sanmarinese
japanese;greenlander
japanese;frenchman
japanese;soviets
japanese;slovak
japanese;italian
japanese;maltese
japanese;dutchwoman
japanese;french
japanese;faroe islander
japanese;macedonian
japanese;englishwoman
japanese;serb
japanese;westerner
japanese;english
japanese;croat
japanese;albanian
japanese;slav
japanese;alsatian
japanese;estonian
japanese;scot
japanese;latin
japanese;manx
japanese;basque
japanese;yugoslav
japanese;scotsman
japanese;gagauz
japanese;serbian
japanese;hispanic
japanese;englishman
japanese;portuguese
japanese;montenegrin
japanese;belarusian
japanese;moldovan
japanese;swiss
japanese;roma
japanese;swede
japanese;european
japanese;dane
japanese;romanian
japanese;finn
japanese;hungarian
japanese;bulgarian
japanese;latvian
japanese;bosnian
japanese;greek
japanese;lithuanian
japanese;norwegian
japanese;welshman
japanese;irishman
japanese;welshwoman
japanese;liechtensteiner
japanese;scandinavian
japanese;slovene
japanese;belorussian
japanese;castilian
japanese;belgian
japanese;british
japanese;andorran
japanese;welsh
japanese;orcadian
japanese;highlander
japanese;spaniard
japanese;scotswoman
japanese;irish
japanese;northern irish
japanese;dutchman
japanese;cypriot
asian;icelander
asian;briton
asian;dutch
asian;ukrainian
asian;sami
asian;monegasque
asian;luxembourger
asian;russian
asian;pole
asian;galician
asian;czech
asian;frenchwoman
asian;austrian
asian;german
asian;spanish
asian;sanmarinese
asian;greenlander
asian;frenchman
asian;soviets
asian;slovak
asian;italian
asian;maltese
asian;dutchwoman
asian;french
asian;faroe islander
asian;macedonian
asian;englishwoman
asian;serb
asian;westerner
asian;english
asian;croat
asian;albanian
asian;slav
asian;alsatian
asian;estonian
asian;scot
asian;latin
asian;manx
asian;basque
asian;yugoslav
asian;scotsman
asian;gagauz
asian;serbian
asian;hispanic
asian;englishman
asian;portuguese
asian;montenegrin
asian;belarusian
asian;moldovan
asian;swiss
asian;roma
asian;swede
asian;european
asian;dane
asian;romanian
asian;finn
asian;hungarian
asian;bulgarian
asian;latvian
asian;bosnian
asian;greek
asian;lithuanian
asian;norwegian
asian;welshman
asian;irishman
asian;welshwoman
asian;liechtensteiner
asian;scandinavian
asian;slovene
asian;belorussian
asian;castilian
asian;belgian
asian;british
asian;andorran
asian;welsh
asian;orcadian
asian;highlander
asian;spaniard
asian;scotswoman
asian;irish
asian;northern irish
asian;dutchman
asian;cypriot
indian;icelander
indian;briton
indian;celt
indian;ukrainian
indian;sami
indian;monegasque
indian;luxembourger
indian;russian
indian;pole
indian;galician
indian;czech
indian;frenchwoman
indian;austrian
indian;german
indian;spanish
indian;sanmarinese
indian;greenlander
indian;frenchman
indian;soviets
indian;slovak
indian;italian
indian;maltese
indian;dutchwoman
indian;french
indian;faroe islander
indian;macedonian
indian;englishwoman
indian;serb
indian;westerner
indian;english
indian;croat
indian;albanian
indian;slav
indian;alsatian
indian;estonian
indian;scot
indian;latin
indian;manx
indian;basque
indian;yugoslav
indian;scotsman
indian;gagauz
indian;serbian
indian;hispanic
indian;englishman
indian;portuguese
indian;montenegrin
indian;belarusian
indian;moldovan
indian;swiss
indian;roma
indian;swede
indian;european
indian;dane
indian;romanian
indian;finn
indian;hungarian
indian;bulgarian
indian;latvian
indian;bosnian
indian;greek
indian;lithuanian
indian;norwegian
indian;welshman
indian;irishman
indian;welshwoman
indian;liechtensteiner
indian;scandinavian
indian;slovene
indian;belorussian
indian;castilian
indian;belgian
indian;british
indian;andorran
indian;welsh
indian;orcadian
indian;highlander
indian;spaniard
indian;scotswoman
indian;irish
indian;northern irish
indian;dutchman
indian;cypriot
vietnamese;icelander
vietnamese;briton
vietnamese;celt
vietnamese;dutch
vietnamese;sami
vietnamese;monegasque
vietnamese;luxembourger
vietnamese;russian
vietnamese;pole
vietnamese;galician
vietnamese;czech
vietnamese;frenchwoman
vietnamese;austrian
vietnamese;german
vietnamese;spanish
vietnamese;sanmarinese
vietnamese;greenlander
vietnamese;frenchman
vietnamese;soviets
vietnamese;slovak
vietnamese;italian
vietnamese;maltese
vietnamese;dutchwoman
vietnamese;french
vietnamese;faroe islander
vietnamese;macedonian
vietnamese;englishwoman
vietnamese;serb
vietnamese;westerner
vietnamese;english
vietnamese;croat
vietnamese;albanian
vietnamese;slav
vietnamese;alsatian
vietnamese;estonian
vietnamese;scot
vietnamese;latin
vietnamese;manx
vietnamese;basque
vietnamese;yugoslav
vietnamese;scotsman
vietnamese;gagauz
vietnamese;serbian
vietnamese;hispanic
vietnamese;englishman
vietnamese;portuguese
vietnamese;montenegrin
vietnamese;belarusian
vietnamese;moldovan
vietnamese;swiss
vietnamese;roma
vietnamese;swede
vietnamese;european
vietnamese;dane
vietnamese;romanian
vietnamese;finn
vietnamese;hungarian
vietnamese;bulgarian
vietnamese;latvian
vietnamese;bosnian
vietnamese;greek
vietnamese;lithuanian
vietnamese;norwegian
vietnamese;welshman
vietnamese;irishman
vietnamese;welshwoman
vietnamese;liechtensteiner
vietnamese;scandinavian
vietnamese;slovene
vietnamese;belorussian
vietnamese;castilian
vietnamese;belgian
vietnamese;british
vietnamese;andorran
vietnamese;welsh
vietnamese;orcadian
vietnamese;highlander
vietnamese;spaniard
vietnamese;scotswoman
vietnamese;irish
vietnamese;northern irish
vietnamese;dutchman
vietnamese;cypriot
