vietnamese;oriental
vietnamese;jew
vietnamese;israel
vietnamese;syrian
vietnamese;arabic
vietnamese;turkish
vietnamese;pakistani
vietnamese;middle eastern
indian;jewish
indian;jew
indian;israel
indian;syrian
indian;arabic
indian;turkish
indian;pakistani
indian;middle eastern
asian;jewish
asian;oriental
asian;israel
asian;syrian
asian;arabic
asian;turkish
asian;pakistani
asian;middle eastern
japanese;jewish
japanese;oriental
japanese;jew
japanese;syrian
japanese;arabic
japanese;turkish
japanese;pakistani
japanese;middle eastern
chinese;jewish
chinese;oriental
chinese;jew
chinese;israel
chinese;arabic
chinese;turkish
chinese;pakistani
chinese;middle eastern
