austrian;ethiopian
austrian;nigerian
austrian;african
dutchman;south african
dutchman;nigerian
dutchman;african
basque;south african
basque;ethiopian
basque;african
swiss;south african
swiss;ethiopian
swiss;nigerian
greenlander;south african
greenlander;ethiopian
greenlander;nigerian
greenlander;african
macedonian;south african
macedonian;ethiopian
macedonian;nigerian
macedonian;african
castilian;south african
castilian;ethiopian
castilian;nigerian
castilian;african
belarusian;south african
belarusian;ethiopian
belarusian;nigerian
belarusian;african
slav;south african
slav;ethiopian
slav;nigerian
slav;african
montenegrin;south african
montenegrin;ethiopian
montenegrin;nigerian
montenegrin;african
serb;south african
serb;ethiopian
serb;nigerian
serb;african
belgian;south african
belgian;ethiopian
belgian;nigerian
belgian;african
englishwoman;south african
englishwoman;ethiopian
englishwoman;nigerian
englishwoman;african
northern irish;south african
northern irish;ethiopian
northern irish;nigerian
northern irish;african
scandinavian;south african
scandinavian;ethiopian
scandinavian;nigerian
scandinavian;african
briton;south african
briton;ethiopian
briton;nigerian
briton;african
spanish;south african
spanish;ethiopian
spanish;nigerian
spanish;african
gagauz;south african
gagauz;ethiopian
gagauz;nigerian
gagauz;african
welshwoman;south african
welshwoman;ethiopian
welshwoman;nigerian
welshwoman;african
lithuanian;south african
lithuanian;ethiopian
lithuanian;nigerian
lithuanian;african
scotswoman;south african
scotswoman;ethiopian
scotswoman;nigerian
scotswoman;african
european;south african
european;ethiopian
european;nigerian
european;african
englishman;south african
englishman;ethiopian
englishman;nigerian
englishman;african
bulgarian;south african
bulgarian;ethiopian
bulgarian;nigerian
bulgarian;african
british;south african
british;ethiopian
british;nigerian
british;african
celt;south african
celt;ethiopian
celt;nigerian
celt;african
faroe islander;south african
faroe islander;ethiopian
faroe islander;nigerian
faroe islander;african
slovak;south african
slovak;ethiopian
slovak;nigerian
slovak;african
portuguese;south african
portuguese;ethiopian
portuguese;nigerian
portuguese;african
swede;south african
swede;ethiopian
swede;nigerian
swede;african
sami;south african
sami;ethiopian
sami;nigerian
sami;african
romanian;south african
romanian;ethiopian
romanian;nigerian
romanian;african
albanian;south african
albanian;ethiopian
albanian;nigerian
albanian;african
latvian;south african
latvian;ethiopian
latvian;nigerian
latvian;african
dane;south african
dane;ethiopian
dane;nigerian
dane;african
irish;south african
irish;ethiopian
irish;nigerian
irish;african
german;south african
german;ethiopian
german;nigerian
german;african
ukrainian;south african
ukrainian;ethiopian
ukrainian;nigerian
ukrainian;african
monegasque;south african
monegasque;ethiopian
monegasque;nigerian
monegasque;african
soviets;south african
soviets;ethiopian
soviets;nigerian
soviets;african
spaniard;south african
spaniard;ethiopian
spaniard;nigerian
spaniard;african
finn;south african
finn;ethiopian
finn;nigerian
finn;african
belorussian;south african
belorussian;ethiopian
belorussian;nigerian
belorussian;african
english;south african
english;ethiopian
english;nigerian
english;african
frenchwoman;south african
frenchwoman;ethiopian
frenchwoman;nigerian
frenchwoman;african
liechtensteiner;south african
liechtensteiner;ethiopian
liechtensteiner;nigerian
liechtensteiner;african
welshman;south african
welshman;ethiopian
welshman;nigerian
welshman;african
hispanic;south african
hispanic;ethiopian
hispanic;nigerian
hispanic;african
dutchwoman;south african
dutchwoman;ethiopian
dutchwoman;nigerian
dutchwoman;african
hungarian;south african
hungarian;ethiopian
hungarian;nigerian
hungarian;african
luxembourger;south african
luxembourger;ethiopian
luxembourger;nigerian
luxembourger;african
andorran;south african
andorran;ethiopian
andorran;nigerian
andorran;african
cypriot;south african
cypriot;ethiopian
cypriot;nigerian
cypriot;african
slovene;south african
slovene;ethiopian
slovene;nigerian
slovene;african
serbian;south african
serbian;ethiopian
serbian;nigerian
serbian;african
czech;south african
czech;ethiopian
czech;nigerian
czech;african
yugoslav;south african
yugoslav;ethiopian
yugoslav;nigerian
yugoslav;african
frenchman;south african
frenchman;ethiopian
frenchman;nigerian
frenchman;african
alsatian;south african
alsatian;ethiopian
alsatian;nigerian
alsatian;african
icelander;south african
icelander;ethiopian
icelander;nigerian
icelander;african
sanmarinese;south african
sanmarinese;ethiopian
sanmarinese;nigerian
sanmarinese;african
dutch;south african
dutch;ethiopian
dutch;nigerian
dutch;african
norwegian;south african
norwegian;ethiopian
norwegian;nigerian
norwegian;african
russian;south african
russian;ethiopian
russian;nigerian
russian;african
manx;south african
manx;ethiopian
manx;nigerian
manx;african
maltese;south african
maltese;ethiopian
maltese;nigerian
maltese;african
greek;south african
greek;ethiopian
greek;nigerian
greek;african
galician;south african
galician;ethiopian
galician;nigerian
galician;african
italian;south african
italian;ethiopian
italian;nigerian
italian;african
bosnian;south african
bosnian;ethiopian
bosnian;nigerian
bosnian;african
estonian;south african
estonian;ethiopian
estonian;nigerian
estonian;african
french;south african
french;ethiopian
french;nigerian
french;african
roma;south african
roma;ethiopian
roma;nigerian
roma;african
orcadian;south african
orcadian;ethiopian
orcadian;nigerian
orcadian;african
pole;south african
pole;ethiopian
pole;nigerian
pole;african
scot;south african
scot;ethiopian
scot;nigerian
scot;african
scotsman;south african
scotsman;ethiopian
scotsman;nigerian
scotsman;african
welsh;south african
welsh;ethiopian
welsh;nigerian
welsh;african
croat;south african
croat;ethiopian
croat;nigerian
croat;african
highlander;south african
highlander;ethiopian
highlander;nigerian
highlander;african
irishman;south african
irishman;ethiopian
irishman;nigerian
irishman;african
moldovan;south african
moldovan;ethiopian
moldovan;nigerian
moldovan;african
westerner;south african
westerner;ethiopian
westerner;nigerian
westerner;african
latin;south african
latin;ethiopian
latin;nigerian
latin;african
