yugoslav;native american
yugoslav;jamaican
yugoslav;mexican
british;puerto rican
british;jamaican
british;mexican
dane;puerto rican
dane;native american
dane;mexican
irishman;puerto rican
irishman;native american
irishman;jamaican
belarusian;puerto rican
belarusian;native american
belarusian;jamaican
belarusian;mexican
macedonian;puerto rican
macedonian;native american
macedonian;jamaican
macedonian;mexican
celt;puerto rican
celt;native american
celt;jamaican
celt;mexican
alsatian;puerto rican
alsatian;native american
alsatian;jamaican
alsatian;mexican
spaniard;puerto rican
spaniard;native american
spaniard;jamaican
spaniard;mexican
irish;puerto rican
irish;native american
irish;jamaican
irish;mexican
estonian;puerto rican
estonian;native american
estonian;jamaican
estonian;mexican
moldovan;puerto rican
moldovan;native american
moldovan;jamaican
moldovan;mexican
icelander;puerto rican
icelander;native american
icelander;jamaican
icelander;mexican
englishwoman;puerto rican
englishwoman;native american
englishwoman;jamaican
englishwoman;mexican
highlander;puerto rican
highlander;native american
highlander;jamaican
highlander;mexican
ukrainian;puerto rican
ukrainian;native american
ukrainian;jamaican
ukrainian;mexican
orcadian;puerto rican
orcadian;native american
orcadian;jamaican
orcadian;mexican
scotswoman;puerto rican
scotswoman;native american
scotswoman;jamaican
scotswoman;mexican
swiss;puerto rican
swiss;native american
swiss;jamaican
swiss;mexican
briton;puerto rican
briton;native american
briton;jamaican
briton;mexican
spanish;puerto rican
spanish;native american
spanish;jamaican
spanish;mexican
sami;puerto rican
sami;native american
sami;jamaican
sami;mexican
westerner;puerto rican
westerner;native american
westerner;jamaican
westerner;mexican
cypriot;puerto rican
cypriot;native american
cypriot;jamaican
cypriot;mexican
lithuanian;puerto rican
lithuanian;native american
lithuanian;jamaican
lithuanian;mexican
castilian;puerto rican
castilian;native american
castilian;jamaican
castilian;mexican
soviets;puerto rican
soviets;native american
soviets;jamaican
soviets;mexican
dutchwoman;puerto rican
dutchwoman;native american
dutchwoman;jamaican
dutchwoman;mexican
swede;puerto rican
swede;native american
swede;jamaican
swede;mexican
greenlander;puerto rican
greenlander;native american
greenlander;jamaican
greenlander;mexican
portuguese;puerto rican
portuguese;native american
portuguese;jamaican
portuguese;mexican
scotsman;puerto rican
scotsman;native american
scotsman;jamaican
scotsman;mexican
french;puerto rican
french;native american
french;jamaican
french;mexican
dutchman;puerto rican
dutchman;native american
dutchman;jamaican
dutchman;mexican
galician;puerto rican
galician;native american
galician;jamaican
galician;mexican
faroe islander;puerto rican
faroe islander;native american
faroe islander;jamaican
faroe islander;mexican
hungarian;puerto rican
hungarian;native american
hungarian;jamaican
hungarian;mexican
belorussian;puerto rican
belorussian;native american
belorussian;jamaican
belorussian;mexican
liechtensteiner;puerto rican
liechtensteiner;native american
liechtensteiner;jamaican
liechtensteiner;mexican
montenegrin;puerto rican
montenegrin;native american
montenegrin;jamaican
montenegrin;mexican
european;puerto rican
european;native american
european;jamaican
european;mexican
manx;puerto rican
manx;native american
manx;jamaican
manx;mexican
basque;puerto rican
basque;native american
basque;jamaican
basque;mexican
pole;puerto rican
pole;native american
pole;jamaican
pole;mexican
slovak;puerto rican
slovak;native american
slovak;jamaican
slovak;mexican
latvian;puerto rican
latvian;native american
latvian;jamaican
latvian;mexican
hispanic;puerto rican
hispanic;native american
hispanic;jamaican
hispanic;mexican
croat;puerto rican
croat;native american
croat;jamaican
croat;mexican
german;puerto rican
german;native american
german;jamaican
german;mexican
monegasque;puerto rican
monegasque;native american
monegasque;jamaican
monegasque;mexican
greek;puerto rican
greek;native american
greek;jamaican
greek;mexican
finn;puerto rican
finn;native american
finn;jamaican
finn;mexican
bosnian;puerto rican
bosnian;native american
bosnian;jamaican
bosnian;mexican
belgian;puerto rican
belgian;native american
belgian;jamaican
belgian;mexican
romanian;puerto rican
romanian;native american
romanian;jamaican
romanian;mexican
frenchwoman;puerto rican
frenchwoman;native american
frenchwoman;jamaican
frenchwoman;mexican
scandinavian;puerto rican
scandinavian;native american
scandinavian;jamaican
scandinavian;mexican
northern irish;puerto rican
northern irish;native american
northern irish;jamaican
northern irish;mexican
welshman;puerto rican
welshman;native american
welshman;jamaican
welshman;mexican
roma;puerto rican
roma;native american
roma;jamaican
roma;mexican
maltese;puerto rican
maltese;native american
maltese;jamaican
maltese;mexican
gagauz;puerto rican
gagauz;native american
gagauz;jamaican
gagauz;mexican
english;puerto rican
english;native american
english;jamaican
english;mexican
albanian;puerto rican
albanian;native american
albanian;jamaican
albanian;mexican
bulgarian;puerto rican
bulgarian;native american
bulgarian;jamaican
bulgarian;mexican
latin;puerto rican
latin;native american
latin;jamaican
latin;mexican
sanmarinese;puerto rican
sanmarinese;native american
sanmarinese;jamaican
sanmarinese;mexican
luxembourger;puerto rican
luxembourger;native american
luxembourger;jamaican
luxembourger;mexican
russian;puerto rican
russian;native american
russian;jamaican
russian;mexican
czech;puerto rican
czech;native american
czech;jamaican
czech;mexican
slav;puerto rican
slav;native american
slav;jamaican
slav;mexican
welshwoman;puerto rican
welshwoman;native american
welshwoman;jamaican
welshwoman;mexican
slovene;puerto rican
slovene;native american
slovene;jamaican
slovene;mexican
norwegian;puerto rican
norwegian;native american
norwegian;jamaican
norwegian;mexican
welsh;puerto rican
welsh;native american
welsh;jamaican
welsh;mexican
andorran;puerto rican
andorran;native american
andorran;jamaican
andorran;mexican
frenchman;puerto rican
frenchman;native american
frenchman;jamaican
frenchman;mexican
dutch;puerto rican
dutch;native american
dutch;jamaican
dutch;mexican
scot;puerto rican
scot;native american
scot;jamaican
scot;mexican
italian;puerto rican
italian;native american
italian;jamaican
italian;mexican
serb;puerto rican
serb;native american
serb;jamaican
serb;mexican
serbian;puerto rican
serbian;native american
serbian;jamaican
serbian;mexican
austrian;puerto rican
austrian;native american
austrian;jamaican
austrian;mexican
englishman;puerto rican
englishman;native american
englishman;jamaican
englishman;mexican
