castilian;vietnamese
castilian;indian
castilian;japanese
castilian;asian
basque;chinese
basque;indian
basque;japanese
basque;asian
romanian;chinese
romanian;vietnamese
romanian;japanese
romanian;asian
scotsman;chinese
scotsman;vietnamese
scotsman;indian
scotsman;asian
frenchwoman;chinese
frenchwoman;vietnamese
frenchwoman;indian
frenchwoman;japanese
highlander;chinese
highlander;vietnamese
highlander;indian
highlander;japanese
highlander;asian
english;chinese
english;vietnamese
english;indian
english;japanese
english;asian
serb;chinese
serb;vietnamese
serb;indian
serb;japanese
serb;asian
czech;chinese
czech;vietnamese
czech;indian
czech;japanese
czech;asian
maltese;chinese
maltese;vietnamese
maltese;indian
maltese;japanese
maltese;asian
belgian;chinese
belgian;vietnamese
belgian;indian
belgian;japanese
belgian;asian
swiss;chinese
swiss;vietnamese
swiss;indian
swiss;japanese
swiss;asian
roma;chinese
roma;vietnamese
roma;indian
roma;japanese
roma;asian
spanish;chinese
spanish;vietnamese
spanish;indian
spanish;japanese
spanish;asian
manx;chinese
manx;vietnamese
manx;indian
manx;japanese
manx;asian
welsh;chinese
welsh;vietnamese
welsh;indian
welsh;japanese
welsh;asian
croat;chinese
croat;vietnamese
croat;indian
croat;japanese
croat;asian
ukrainian;chinese
ukrainian;vietnamese
ukrainian;indian
ukrainian;japanese
ukrainian;asian
finn;chinese
finn;vietnamese
finn;indian
finn;japanese
finn;asian
irishman;chinese
irishman;vietnamese
irishman;indian
irishman;japanese
irishman;asian
welshwoman;chinese
welshwoman;vietnamese
welshwoman;indian
welshwoman;japanese
welshwoman;asian
italian;chinese
italian;vietnamese
italian;indian
italian;japanese
italian;asian
dane;chinese
dane;vietnamese
dane;indian
dane;japanese
dane;asian
spaniard;chinese
spaniard;vietnamese
spaniard;indian
spaniard;japanese
spaniard;asian
bosnian;chinese
bosnian;vietnamese
bosnian;indian
bosnian;japanese
bosnian;asian
belarusian;chinese
belarusian;vietnamese
belarusian;indian
belarusian;japanese
belarusian;asian
french;chinese
french;vietnamese
french;indian
french;japanese
french;asian
englishwoman;chinese
englishwoman;vietnamese
englishwoman;indian
englishwoman;japanese
englishwoman;asian
hispanic;chinese
hispanic;vietnamese
hispanic;indian
hispanic;japanese
hispanic;asian
alsatian;chinese
alsatian;vietnamese
alsatian;indian
alsatian;japanese
alsatian;asian
slav;chinese
slav;vietnamese
slav;indian
slav;japanese
slav;asian
british;chinese
british;vietnamese
british;indian
british;japanese
british;asian
andorran;chinese
andorran;vietnamese
andorran;indian
andorran;japanese
andorran;asian
liechtensteiner;chinese
liechtensteiner;vietnamese
liechtensteiner;indian
liechtensteiner;japanese
liechtensteiner;asian
soviets;chinese
soviets;vietnamese
soviets;indian
soviets;japanese
soviets;asian
faroe islander;chinese
faroe islander;vietnamese
faroe islander;indian
faroe islander;japanese
faroe islander;asian
icelander;chinese
icelander;vietnamese
icelander;indian
icelander;japanese
icelander;asian
monegasque;chinese
monegasque;vietnamese
monegasque;indian
monegasque;japanese
monegasque;asian
briton;chinese
briton;vietnamese
briton;indian
briton;japanese
briton;asian
welshman;chinese
welshman;vietnamese
welshman;indian
welshman;japanese
welshman;asian
belorussian;chinese
belorussian;vietnamese
belorussian;indian
belorussian;japanese
belorussian;asian
austrian;chinese
austrian;vietnamese
austrian;indian
austrian;japanese
austrian;asian
portuguese;chinese
portuguese;vietnamese
portuguese;indian
portuguese;japanese
portuguese;asian
lithuanian;chinese
lithuanian;vietnamese
lithuanian;indian
lithuanian;japanese
lithuanian;asian
northern irish;chinese
northern irish;vietnamese
northern irish;indian
northern irish;japanese
northern irish;asian
slovene;chinese
slovene;vietnamese
slovene;indian
slovene;japanese
slovene;asian
albanian;chinese
albanian;vietnamese
albanian;indian
albanian;japanese
albanian;asian
european;chinese
european;vietnamese
european;indian
european;japanese
european;asian
pole;chinese
pole;vietnamese
pole;indian
pole;japanese
pole;asian
macedonian;chinese
macedonian;vietnamese
macedonian;indian
macedonian;japanese
macedonian;asian
dutchwoman;chinese
dutchwoman;vietnamese
dutchwoman;indian
dutchwoman;japanese
dutchwoman;asian
greek;chinese
greek;vietnamese
greek;indian
greek;japanese
greek;asian
serbian;chinese
serbian;vietnamese
serbian;indian
serbian;japanese
serbian;asian
luxembourger;chinese
luxembourger;vietnamese
luxembourger;indian
luxembourger;japanese
luxembourger;asian
yugoslav;chinese
yugoslav;vietnamese
yugoslav;indian
yugoslav;japanese
yugoslav;asian
hungarian;chinese
hungarian;vietnamese
hungarian;indian
hungarian;japanese
hungarian;asian
scotswoman;chinese
scotswoman;vietnamese
scotswoman;indian
scotswoman;japanese
scotswoman;asian
latin;chinese
latin;vietnamese
latin;indian
latin;japanese
latin;asian
scandinavian;chinese
scandinavian;vietnamese
scandinavian;indian
scandinavian;japanese
scandinavian;asian
dutchman;chinese
dutchman;vietnamese
dutchman;indian
dutchman;japanese
dutchman;asian
orcadian;chinese
orcadian;vietnamese
orcadian;indian
orcadian;japanese
orcadian;asian
scot;chinese
scot;vietnamese
scot;indian
scot;japanese
scot;asian
montenegrin;chinese
montenegrin;vietnamese
montenegrin;indian
montenegrin;japanese
montenegrin;asian
dutch;chinese
dutch;vietnamese
dutch;indian
dutch;japanese
dutch;asian
swede;chinese
swede;vietnamese
swede;indian
swede;japanese
swede;asian
galician;chinese
galician;vietnamese
galician;indian
galician;japanese
galician;asian
german;chinese
german;vietnamese
german;indian
german;japanese
german;asian
frenchman;chinese
frenchman;vietnamese
frenchman;indian
frenchman;japanese
frenchman;asian
westerner;chinese
westerner;vietnamese
westerner;indian
westerner;japanese
westerner;asian
bulgarian;chinese
bulgarian;vietnamese
bulgarian;indian
bulgarian;japanese
bulgarian;asian
latvian;chinese
latvian;vietnamese
latvian;indian
latvian;japanese
latvian;asian
estonian;chinese
estonian;vietnamese
estonian;indian
estonian;japanese
estonian;asian
gagauz;chinese
gagauz;vietnamese
gagauz;indian
gagauz;japanese
gagauz;asian
slovak;chinese
slovak;vietnamese
slovak;indian
slovak;japanese
slovak;asian
celt;chinese
celt;vietnamese
celt;indian
celt;japanese
celt;asian
norwegian;chinese
norwegian;vietnamese
norwegian;indian
norwegian;japanese
norwegian;asian
russian;chinese
russian;vietnamese
russian;indian
russian;japanese
russian;asian
cypriot;chinese
cypriot;vietnamese
cypriot;indian
cypriot;japanese
cypriot;asian
moldovan;chinese
moldovan;vietnamese
moldovan;indian
moldovan;japanese
moldovan;asian
englishman;chinese
englishman;vietnamese
englishman;indian
englishman;japanese
englishman;asian
irish;chinese
irish;vietnamese
irish;indian
irish;japanese
irish;asian
sami;chinese
sami;vietnamese
sami;indian
sami;japanese
sami;asian
sanmarinese;chinese
sanmarinese;vietnamese
sanmarinese;indian
sanmarinese;japanese
sanmarinese;asian
greenlander;chinese
greenlander;vietnamese
greenlander;indian
greenlander;japanese
greenlander;asian
