montenegrin;jew
montenegrin;syrian
montenegrin;israel
montenegrin;arabic
montenegrin;turkish
montenegrin;middle eastern
montenegrin;oriental
montenegrin;pakistani
briton;jewish
briton;syrian
briton;israel
briton;arabic
briton;turkish
briton;middle eastern
briton;oriental
briton;pakistani
frenchman;jewish
frenchman;jew
frenchman;israel
frenchman;arabic
frenchman;turkish
frenchman;middle eastern
frenchman;oriental
frenchman;pakistani
scandinavian;jewish
scandinavian;jew
scandinavian;syrian
scandinavian;arabic
scandinavian;turkish
scandinavian;middle eastern
scandinavian;oriental
scandinavian;pakistani
manx;jewish
manx;jew
manx;syrian
manx;israel
manx;turkish
manx;middle eastern
manx;oriental
manx;pakistani
irish;jewish
irish;jew
irish;syrian
irish;israel
irish;arabic
irish;middle eastern
irish;oriental
irish;pakistani
latin;jewish
latin;jew
latin;syrian
latin;israel
latin;arabic
latin;turkish
latin;oriental
latin;pakistani
british;jewish
british;jew
british;syrian
british;israel
british;arabic
british;turkish
british;middle eastern
british;pakistani
icelander;jewish
icelander;jew
icelander;syrian
icelander;israel
icelander;arabic
icelander;turkish
icelander;middle eastern
icelander;oriental
highlander;jewish
highlander;jew
highlander;syrian
highlander;israel
highlander;arabic
highlander;turkish
highlander;middle eastern
highlander;oriental
highlander;pakistani
lithuanian;jewish
lithuanian;jew
lithuanian;syrian
lithuanian;israel
lithuanian;arabic
lithuanian;turkish
lithuanian;middle eastern
lithuanian;oriental
lithuanian;pakistani
alsatian;jewish
alsatian;jew
alsatian;syrian
alsatian;israel
alsatian;arabic
alsatian;turkish
alsatian;middle eastern
alsatian;oriental
alsatian;pakistani
serb;jewish
serb;jew
serb;syrian
serb;israel
serb;arabic
serb;turkish
serb;middle eastern
serb;oriental
serb;pakistani
latvian;jewish
latvian;jew
latvian;syrian
latvian;israel
latvian;arabic
latvian;turkish
latvian;middle eastern
latvian;oriental
latvian;pakistani
andorran;jewish
andorran;jew
andorran;syrian
andorran;israel
andorran;arabic
andorran;turkish
andorran;middle eastern
andorran;oriental
andorran;pakistani
dutch;jewish
dutch;jew
dutch;syrian
dutch;israel
dutch;arabic
dutch;turkish
dutch;middle eastern
dutch;oriental
dutch;pakistani
swiss;jewish
swiss;jew
swiss;syrian
swiss;israel
swiss;arabic
swiss;turkish
swiss;middle eastern
swiss;oriental
swiss;pakistani
luxembourger;jewish
luxembourger;jew
luxembourger;syrian
luxembourger;israel
luxembourger;arabic
luxembourger;turkish
luxembourger;middle eastern
luxembourger;oriental
luxembourger;pakistani
frenchwoman;jewish
frenchwoman;jew
frenchwoman;syrian
frenchwoman;israel
frenchwoman;arabic
frenchwoman;turkish
frenchwoman;middle eastern
frenchwoman;oriental
frenchwoman;pakistani
bosnian;jewish
bosnian;jew
bosnian;syrian
bosnian;israel
bosnian;arabic
bosnian;turkish
bosnian;middle eastern
bosnian;oriental
bosnian;pakistani
scot;jewish
scot;jew
scot;syrian
scot;israel
scot;arabic
scot;turkish
scot;middle eastern
scot;oriental
scot;pakistani
monegasque;jewish
monegasque;jew
monegasque;syrian
monegasque;israel
monegasque;arabic
monegasque;turkish
monegasque;middle eastern
monegasque;oriental
monegasque;pakistani
welshman;jewish
welshman;jew
welshman;syrian
welshman;israel
welshman;arabic
welshman;turkish
welshman;middle eastern
welshman;oriental
welshman;pakistani
faroe islander;jewish
faroe islander;jew
faroe islander;syrian
faroe islander;israel
faroe islander;arabic
faroe islander;turkish
faroe islander;middle eastern
faroe islander;oriental
faroe islander;pakistani
sami;jewish
sami;jew
sami;syrian
sami;israel
sami;arabic
sami;turkish
sami;middle eastern
sami;oriental
sami;pakistani
german;jewish
german;jew
german;syrian
german;israel
german;arabic
german;turkish
german;middle eastern
german;oriental
german;pakistani
orcadian;jewish
orcadian;jew
orcadian;syrian
orcadian;israel
orcadian;arabic
orcadian;turkish
orcadian;middle eastern
orcadian;oriental
orcadian;pakistani
belorussian;jewish
belorussian;jew
belorussian;syrian
belorussian;israel
belorussian;arabic
belorussian;turkish
belorussian;middle eastern
belorussian;oriental
belorussian;pakistani
czech;jewish
czech;jew
czech;syrian
czech;israel
czech;arabic
czech;turkish
czech;middle eastern
czech;oriental
czech;pakistani
french;jewish
french;jew
french;syrian
french;israel
french;arabic
french;turkish
french;middle eastern
french;oriental
french;pakistani
italian;jewish
italian;jew
italian;syrian
italian;israel
italian;arabic
italian;turkish
italian;middle eastern
italian;oriental
italian;pakistani
dane;jewish
dane;jew
dane;syrian
dane;israel
dane;arabic
dane;turkish
dane;middle eastern
dane;oriental
dane;pakistani
irishman;jewish
irishman;jew
irishman;syrian
irishman;israel
irishman;arabic
irishman;turkish
irishman;middle eastern
irishman;oriental
irishman;pakistani
galician;jewish
galician;jew
galician;syrian
galician;israel
galician;arabic
galician;turkish
galician;middle eastern
galician;oriental
galician;pakistani
hispanic;jewish
hispanic;jew
hispanic;syrian
hispanic;israel
hispanic;arabic
hispanic;turkish
hispanic;middle eastern
hispanic;oriental
hispanic;pakistani
slav;jewish
slav;jew
slav;syrian
slav;israel
slav;arabic
slav;turkish
slav;middle eastern
slav;oriental
slav;pakistani
belarusian;jewish
belarusian;jew
belarusian;syrian
belarusian;israel
belarusian;arabic
belarusian;turkish
belarusian;middle eastern
belarusian;oriental
belarusian;pakistani
englishman;jewish
englishman;jew
englishman;syrian
englishman;israel
englishman;arabic
englishman;turkish
englishman;middle eastern
englishman;oriental
englishman;pakistani
estonian;jewish
estonian;jew
estonian;syrian
estonian;israel
estonian;arabic
estonian;turkish
estonian;middle eastern
estonian;oriental
estonian;pakistani
belgian;jewish
belgian;jew
belgian;syrian
belgian;israel
belgian;arabic
belgian;turkish
belgian;middle eastern
belgian;oriental
belgian;pakistani
soviets;jewish
soviets;jew
soviets;syrian
soviets;israel
soviets;arabic
soviets;turkish
soviets;middle eastern
soviets;oriental
soviets;pakistani
yugoslav;jewish
yugoslav;jew
yugoslav;syrian
yugoslav;israel
yugoslav;arabic
yugoslav;turkish
yugoslav;middle eastern
yugoslav;oriental
yugoslav;pakistani
cypriot;jewish
cypriot;jew
cypriot;syrian
cypriot;israel
cypriot;arabic
cypriot;turkish
cypriot;middle eastern
cypriot;oriental
cypriot;pakistani
spaniard;jewish
spaniard;jew
spaniard;syrian
spaniard;israel
spaniard;arabic
spaniard;turkish
spaniard;middle eastern
spaniard;oriental
spaniard;pakistani
scotswoman;jewish
scotswoman;jew
scotswoman;syrian
scotswoman;israel
scotswoman;arabic
scotswoman;turkish
scotswoman;middle eastern
scotswoman;oriental
scotswoman;pakistani
portuguese;jewish
portuguese;jew
portuguese;syrian
portuguese;israel
portuguese;arabic
portuguese;turkish
portuguese;middle eastern
portuguese;oriental
portuguese;pakistani
croat;jewish
croat;jew
croat;syrian
croat;israel
croat;arabic
croat;turkish
croat;middle eastern
croat;oriental
croat;pakistani
westerner;jewish
westerner;jew
westerner;syrian
westerner;israel
westerner;arabic
westerner;turkish
westerner;middle eastern
westerner;oriental
westerner;pakistani
northern irish;jewish
northern irish;jew
northern irish;syrian
northern irish;israel
northern irish;arabic
northern irish;turkish
northern irish;middle eastern
northern irish;oriental
northern irish;pakistani
roma;jewish
roma;jew
roma;syrian
roma;israel
roma;arabic
roma;turkish
roma;middle eastern
roma;oriental
roma;pakistani
albanian;jewish
albanian;jew
albanian;syrian
albanian;israel
albanian;arabic
albanian;turkish
albanian;middle eastern
albanian;oriental
albanian;pakistani
finn;jewish
finn;jew
finn;syrian
finn;israel
finn;arabic
finn;turkish
finn;middle eastern
finn;oriental
finn;pakistani
greek;jewish
greek;jew
greek;syrian
greek;israel
greek;arabic
greek;turkish
greek;middle eastern
greek;oriental
greek;pakistani
dutchman;jewish
dutchman;jew
dutchman;syrian
dutchman;israel
dutchman;arabic
dutchman;turkish
dutchman;middle eastern
dutchman;oriental
dutchman;pakistani
englishwoman;jewish
englishwoman;jew
englishwoman;syrian
englishwoman;israel
englishwoman;arabic
englishwoman;turkish
englishwoman;middle eastern
englishwoman;oriental
englishwoman;pakistani
welshwoman;jewish
welshwoman;jew
welshwoman;syrian
welshwoman;israel
welshwoman;arabic
welshwoman;turkish
welshwoman;middle eastern
welshwoman;oriental
welshwoman;pakistani
castilian;jewish
castilian;jew
castilian;syrian
castilian;israel
castilian;arabic
castilian;turkish
castilian;middle eastern
castilian;oriental
castilian;pakistani
bulgarian;jewish
bulgarian;jew
bulgarian;syrian
bulgarian;israel
bulgarian;arabic
bulgarian;turkish
bulgarian;middle eastern
bulgarian;oriental
bulgarian;pakistani
maltese;jewish
maltese;jew
maltese;syrian
maltese;israel
maltese;arabic
maltese;turkish
maltese;middle eastern
maltese;oriental
maltese;pakistani
liechtensteiner;jewish
liechtensteiner;jew
liechtensteiner;syrian
liechtensteiner;israel
liechtensteiner;arabic
liechtensteiner;turkish
liechtensteiner;middle eastern
liechtensteiner;oriental
liechtensteiner;pakistani
russian;jewish
russian;jew
russian;syrian
russian;israel
russian;arabic
russian;turkish
russian;middle eastern
russian;oriental
russian;pakistani
slovak;jewish
slovak;jew
slovak;syrian
slovak;israel
slovak;arabic
slovak;turkish
slovak;middle eastern
slovak;oriental
slovak;pakistani
spanish;jewish
spanish;jew
spanish;syrian
spanish;israel
spanish;arabic
spanish;turkish
spanish;middle eastern
spanish;oriental
spanish;pakistani
slovene;jewish
slovene;jew
slovene;syrian
slovene;israel
slovene;arabic
slovene;turkish
slovene;middle eastern
slovene;oriental
slovene;pakistani
moldovan;jewish
moldovan;jew
moldovan;syrian
moldovan;israel
moldovan;arabic
moldovan;turkish
moldovan;middle eastern
moldovan;oriental
moldovan;pakistani
gagauz;jewish
gagauz;jew
gagauz;syrian
gagauz;israel
gagauz;arabic
gagauz;turkish
gagauz;middle eastern
gagauz;oriental
gagauz;pakistani
swede;jewish
swede;jew
swede;syrian
swede;israel
swede;arabic
swede;turkish
swede;middle eastern
swede;oriental
swede;pakistani
hungarian;jewish
hungarian;jew
hungarian;syrian
hungarian;israel
hungarian;arabic
hungarian;turkish
hungarian;middle eastern
hungarian;oriental
hungarian;pakistani
sanmarinese;jewish
sanmarinese;jew
sanmarinese;syrian
sanmarinese;israel
sanmarinese;arabic
sanmarinese;turkish
sanmarinese;middle eastern
sanmarinese;oriental
sanmarinese;pakistani
macedonian;jewish
macedonian;jew
macedonian;syrian
macedonian;israel
macedonian;arabic
macedonian;turkish
macedonian;middle eastern
macedonian;oriental
macedonian;pakistani
serbian;jewish
serbian;jew
serbian;syrian
serbian;israel
serbian;arabic
serbian;turkish
serbian;middle eastern
serbian;oriental
serbian;pakistani
ukrainian;jewish
ukrainian;jew
ukrainian;syrian
ukrainian;israel
ukrainian;arabic
ukrainian;turkish
ukrainian;middle eastern
ukrainian;oriental
ukrainian;pakistani
pole;jewish
pole;jew
pole;syrian
pole;israel
pole;arabic
pole;turkish
pole;middle eastern
pole;oriental
pole;pakistani
european;jewish
european;jew
european;syrian
european;israel
european;arabic
european;turkish
european;middle eastern
european;oriental
european;pakistani
scotsman;jewish
scotsman;jew
scotsman;syrian
scotsman;israel
scotsman;arabic
scotsman;turkish
scotsman;middle eastern
scotsman;oriental
scotsman;pakistani
greenlander;jewish
greenlander;jew
greenlander;syrian
greenlander;israel
greenlander;arabic
greenlander;turkish
greenlander;middle eastern
greenlander;oriental
greenlander;pakistani
celt;jewish
celt;jew
celt;syrian
celt;israel
celt;arabic
celt;turkish
celt;middle eastern
celt;oriental
celt;pakistani
austrian;jewish
austrian;jew
austrian;syrian
austrian;israel
austrian;arabic
austrian;turkish
austrian;middle eastern
austrian;oriental
austrian;pakistani
english;jewish
english;jew
english;syrian
english;israel
english;arabic
english;turkish
english;middle eastern
english;oriental
english;pakistani
welsh;jewish
welsh;jew
welsh;syrian
welsh;israel
welsh;arabic
welsh;turkish
welsh;middle eastern
welsh;oriental
welsh;pakistani
basque;jewish
basque;jew
basque;syrian
basque;israel
basque;arabic
basque;turkish
basque;middle eastern
basque;oriental
basque;pakistani
norwegian;jewish
norwegian;jew
norwegian;syrian
norwegian;israel
norwegian;arabic
norwegian;turkish
norwegian;middle eastern
norwegian;oriental
norwegian;pakistani
romanian;jewish
romanian;jew
romanian;syrian
romanian;israel
romanian;arabic
romanian;turkish
romanian;middle eastern
romanian;oriental
romanian;pakistani
dutchwoman;jewish
dutchwoman;jew
dutchwoman;syrian
dutchwoman;israel
dutchwoman;arabic
dutchwoman;turkish
dutchwoman;middle eastern
dutchwoman;oriental
dutchwoman;pakistani
