assistant;CEO
attendant;CEO
auditor;CEO
baker;CEO
cashier;CEO
cleaner;CEO
clerk;CEO
counselor;CEO
designer;CEO
editor;CEO
hairdresser;CEO
housekeeper;CEO
librarian;CEO
nurse;CEO
paralegal;CEO
receptionist;CEO
secretary;CEO
tailor;CEO
teacher;CEO
writer;CEO
assistant;accountant
attendant;accountant
auditor;accountant
baker;accountant
cashier;accountant
cleaner;accountant
clerk;accountant
counselor;accountant
designer;accountant
editor;accountant
hairdresser;accountant
housekeeper;accountant
librarian;accountant
nurse;accountant
paralegal;accountant
receptionist;accountant
secretary;accountant
tailor;accountant
teacher;accountant
writer;accountant
assistant;analyst
attendant;analyst
auditor;analyst
baker;analyst
cashier;analyst
cleaner;analyst
clerk;analyst
counselor;analyst
designer;analyst
editor;analyst
hairdresser;analyst
housekeeper;analyst
librarian;analyst
nurse;analyst
paralegal;analyst
receptionist;analyst
secretary;analyst
tailor;analyst
teacher;analyst
writer;analyst
assistant;carpenter
attendant;carpenter
auditor;carpenter
baker;carpenter
cashier;carpenter
cleaner;carpenter
clerk;carpenter
counselor;carpenter
designer;carpenter
editor;carpenter
hairdresser;carpenter
housekeeper;carpenter
librarian;carpenter
nurse;carpenter
paralegal;carpenter
receptionist;carpenter
secretary;carpenter
tailor;carpenter
teacher;carpenter
writer;carpenter
assistant;chief
attendant;chief
auditor;chief
baker;chief
cashier;chief
cleaner;chief
clerk;chief
counselor;chief
designer;chief
editor;chief
hairdresser;chief
housekeeper;chief
librarian;chief
nurse;chief
paralegal;chief
receptionist;chief
secretary;chief
tailor;chief
teacher;chief
writer;chief
assistant;construction worker
attendant;construction worker
auditor;construction worker
baker;construction worker
cashier;construction worker
cleaner;construction worker
clerk;construction worker
counselor;construction worker
designer;construction worker
editor;construction worker
hairdresser;construction worker
housekeeper;construction worker
librarian;construction worker
nurse;construction worker
paralegal;construction worker
receptionist;construction worker
secretary;construction worker
tailor;construction worker
teacher;construction worker
writer;construction worker
assistant;cook
attendant;cook
auditor;cook
baker;cook
cashier;cook
cleaner;cook
clerk;cook
counselor;cook
designer;cook
editor;cook
hairdresser;cook
housekeeper;cook
librarian;cook
nurse;cook
paralegal;cook
receptionist;cook
secretary;cook
tailor;cook
teacher;cook
writer;cook
assistant;developer
attendant;developer
auditor;developer
baker;developer
cashier;developer
cleaner;developer
clerk;developer
counselor;developer
designer;developer
editor;developer
hairdresser;developer
housekeeper;developer
librarian;developer
nurse;developer
paralegal;developer
receptionist;developer
secretary;developer
tailor;developer
teacher;developer
writer;developer
assistant;driver
attendant;driver
auditor;driver
baker;driver
cashier;driver
cleaner;driver
clerk;driver
counselor;driver
designer;driver
editor;driver
hairdresser;driver
housekeeper;driver
librarian;driver
nurse;driver
paralegal;driver
receptionist;driver
secretary;driver
tailor;driver
teacher;driver
writer;driver
assistant;engineer
attendant;engineer
auditor;engineer
baker;engineer
cashier;engineer
cleaner;engineer
clerk;engineer
counselor;engineer
designer;engineer
editor;engineer
hairdresser;engineer
housekeeper;engineer
librarian;engineer
nurse;engineer
paralegal;engineer
receptionist;engineer
secretary;engineer
tailor;engineer
teacher;engineer
writer;engineer
assistant;farmer
attendant;farmer
auditor;farmer
baker;farmer
cashier;farmer
cleaner;farmer
clerk;farmer
counselor;farmer
designer;farmer
editor;farmer
hairdresser;farmer
housekeeper;farmer
librarian;farmer
nurse;farmer
paralegal;farmer
receptionist;farmer
secretary;farmer
tailor;farmer
teacher;farmer
writer;farmer
assistant;guard
attendant;guard
auditor;guard
baker;guard
cashier;guard
cleaner;guard
clerk;guard
counselor;guard
designer;guard
editor;guard
hairdresser;guard
housekeeper;guard
librarian;guard
nurse;guard
paralegal;guard
receptionist;guard
secretary;guard
tailor;guard
teacher;guard
writer;guard
assistant;janitor
attendant;janitor
auditor;janitor
baker;janitor
cashier;janitor
cleaner;janitor
clerk;janitor
counselor;janitor
designer;janitor
editor;janitor
hairdresser;janitor
housekeeper;janitor
librarian;janitor
nurse;janitor
paralegal;janitor
receptionist;janitor
secretary;janitor
tailor;janitor
teacher;janitor
writer;janitor
assistant;laborer
attendant;laborer
auditor;laborer
baker;laborer
cashier;laborer
cleaner;laborer
clerk;laborer
counselor;laborer
designer;laborer
editor;laborer
hairdresser;laborer
housekeeper;laborer
librarian;laborer
nurse;laborer
paralegal;laborer
receptionist;laborer
secretary;laborer
tailor;laborer
teacher;laborer
writer;laborer
assistant;lawyer
attendant;lawyer
auditor;lawyer
baker;lawyer
cashier;lawyer
cleaner;lawyer
clerk;lawyer
counselor;lawyer
designer;lawyer
editor;lawyer
hairdresser;lawyer
housekeeper;lawyer
librarian;lawyer
nurse;lawyer
paralegal;lawyer
receptionist;lawyer
secretary;lawyer
tailor;lawyer
teacher;lawyer
writer;lawyer
assistant;manager
attendant;manager
auditor;manager
baker;manager
cashier;manager
cleaner;manager
clerk;manager
counselor;manager
designer;manager
editor;manager
hairdresser;manager
housekeeper;manager
librarian;manager
nurse;manager
paralegal;manager
receptionist;manager
secretary;manager
tailor;manager
teacher;manager
writer;manager
assistant;mechanic
attendant;mechanic
auditor;mechanic
baker;mechanic
cashier;mechanic
cleaner;mechanic
clerk;mechanic
counselor;mechanic
designer;mechanic
editor;mechanic
hairdresser;mechanic
housekeeper;mechanic
librarian;mechanic
nurse;mechanic
paralegal;mechanic
receptionist;mechanic
secretary;mechanic
tailor;mechanic
teacher;mechanic
writer;mechanic
assistant;mover
attendant;mover
auditor;mover
baker;mover
cashier;mover
cleaner;mover
clerk;mover
counselor;mover
designer;mover
editor;mover
hairdresser;mover
housekeeper;mover
librarian;mover
nurse;mover
paralegal;mover
receptionist;mover
secretary;mover
tailor;mover
teacher;mover
writer;mover
assistant;physician
attendant;physician
auditor;physician
baker;physician
cashier;physician
cleaner;physician
clerk;physician
counselor;physician
designer;physician
editor;physician
hairdresser;physician
housekeeper;physician
librarian;physician
nurse;physician
paralegal;physician
receptionist;physician
secretary;physician
tailor;physician
teacher;physician
writer;physician
assistant;salesperson
attendant;salesperson
auditor;salesperson
baker;salesperson
cashier;salesperson
cleaner;salesperson
clerk;salesperson
counselor;salesperson
designer;salesperson
editor;salesperson
hairdresser;salesperson
housekeeper;salesperson
librarian;salesperson
nurse;salesperson
paralegal;salesperson
receptionist;salesperson
secretary;salesperson
tailor;salesperson
teacher;salesperson
writer;salesperson
assistant;sheriff
attendant;sheriff
auditor;sheriff
baker;sheriff
cashier;sheriff
cleaner;sheriff
clerk;sheriff
counselor;sheriff
designer;sheriff
editor;sheriff
hairdresser;sheriff
housekeeper;sheriff
librarian;sheriff
nurse;sheriff
paralegal;sheriff
receptionist;sheriff
secretary;sheriff
tailor;sheriff
teacher;sheriff
writer;sheriff
assistant;supervisor
attendant;supervisor
auditor;supervisor
baker;supervisor
cashier;supervisor
cleaner;supervisor
clerk;supervisor
counselor;supervisor
designer;supervisor
editor;supervisor
hairdresser;supervisor
housekeeper;supervisor
librarian;supervisor
nurse;supervisor
paralegal;supervisor
receptionist;supervisor
secretary;supervisor
tailor;supervisor
teacher;supervisor
writer;supervisor
assistant;technician
attendant;technician
auditor;technician
baker;technician
cashier;technician
cleaner;technician
clerk;technician
counselor;technician
designer;technician
editor;technician
hairdresser;technician
housekeeper;technician
librarian;technician
nurse;technician
paralegal;technician
receptionist;technician
secretary;technician
tailor;technician
teacher;technician
writer;technician
